,tick,open,high,low,close,isstartcandel,datetime
0,2023.12.11 00:00:00,1.25369,1.25369,1.25369,1.25369,True,2023.12.11 00:00
1,2023.12.11 00:20:00,1.25369,1.25369,1.25362,1.25362,True,2023.12.11 00:00
2,2023.12.11 00:40:00,1.25369,1.25385,1.25362,1.25385,True,2023.12.11 00:00
3,2023.12.11 01:00:00,1.25369,1.25385,1.2534,1.2534,True,2023.12.11 00:00
4,2023.12.11 01:20:00,1.25369,1.25452,1.2534,1.25452,True,2023.12.11 00:00
5,2023.12.11 01:40:00,1.25369,1.25452,1.2534,1.25429,True,2023.12.11 00:00
6,2023.12.11 02:00:00,1.25369,1.25519,1.2534,1.25519,True,2023.12.11 00:00
7,2023.12.11 02:20:00,1.25369,1.25519,1.2534,1.25497,True,2023.12.11 00:00
8,2023.12.11 02:40:00,1.25369,1.25586,1.2534,1.25586,True,2023.12.11 00:00
9,2023.12.11 03:00:00,1.25369,1.25586,1.2534,1.25541,True,2023.12.11 00:00
10,2023.12.11 03:20:00,1.25369,1.25586,1.2534,1.25564,True,2023.12.11 00:00
11,2023.12.11 03:40:00,1.25369,1.25586,1.2534,1.25497,True,2023.12.11 00:00
12,2023.12.11 04:00:00,1.25369,1.25586,1.2534,1.25458,True,2023.12.11 00:00
13,2023.12.11 04:20:00,1.25369,1.25586,1.2534,1.25457,True,2023.12.11 00:00
14,2023.12.11 04:40:00,1.25369,1.25586,1.2534,1.25446,True,2023.12.11 00:00
15,2023.12.11 05:00:00,1.25369,1.25586,1.2534,1.25468,True,2023.12.11 00:00
16,2023.12.11 05:20:00,1.25369,1.25586,1.2534,1.25424,True,2023.12.11 00:00
17,2023.12.11 05:40:00,1.25369,1.25586,1.2534,1.25435,True,2023.12.11 00:00
18,2023.12.11 06:00:00,1.25369,1.25586,1.2534,1.25392,True,2023.12.11 00:00
19,2023.12.11 06:20:00,1.25369,1.25586,1.2534,1.25403,True,2023.12.11 00:00
20,2023.12.11 06:40:00,1.25369,1.25586,1.2534,1.25348,True,2023.12.11 00:00
21,2023.12.11 07:00:00,1.25369,1.25586,1.2534,1.2537,True,2023.12.11 00:00
22,2023.12.11 07:20:00,1.25369,1.25586,1.2534,1.25359,True,2023.12.11 00:00
23,2023.12.11 07:40:00,1.25369,1.25586,1.2534,1.25392,True,2023.12.11 00:00
24,2023.12.11 08:00:00,1.25369,1.25586,1.2534,1.25414,True,2023.12.11 00:00
25,2023.12.11 08:20:00,1.25369,1.25586,1.2534,1.25372,True,2023.12.11 00:00
26,2023.12.11 08:40:00,1.25369,1.25586,1.2534,1.25396,True,2023.12.11 00:00
27,2023.12.11 09:00:00,1.25369,1.25586,1.2534,1.25349,True,2023.12.11 00:00
28,2023.12.11 09:20:00,1.25369,1.25586,1.2534,1.25466,True,2023.12.11 00:00
29,2023.12.11 09:40:00,1.25369,1.25586,1.2534,1.25442,True,2023.12.11 00:00
30,2023.12.11 10:00:00,1.25369,1.25586,1.2534,1.25536,True,2023.12.11 00:00
31,2023.12.11 10:20:00,1.25369,1.25586,1.2534,1.25513,True,2023.12.11 00:00
32,2023.12.11 10:40:00,1.25369,1.25606,1.2534,1.25606,True,2023.12.11 00:00
33,2023.12.11 11:00:00,1.25369,1.25606,1.2534,1.25559,True,2023.12.11 00:00
34,2023.12.11 11:20:00,1.25369,1.25606,1.2534,1.25583,True,2023.12.11 00:00
35,2023.12.11 11:40:00,1.25369,1.25606,1.2534,1.25513,True,2023.12.11 00:00
36,2023.12.11 11:40:01,1.25369,1.25606,1.2534,1.25539,True,2023.12.11 00:00
37,2023.12.11 12:00:00,1.25369,1.25606,1.2534,1.25538,True,2023.12.11 00:00
38,2023.12.11 12:20:00,1.25369,1.25606,1.2534,1.25569,True,2023.12.11 00:00
39,2023.12.11 12:40:00,1.25369,1.25606,1.2534,1.25603,True,2023.12.11 00:00
40,2023.12.11 13:00:00,1.25369,1.25606,1.2534,1.25535,True,2023.12.11 00:00
41,2023.12.11 13:20:00,1.25369,1.25705,1.2534,1.25705,True,2023.12.11 00:00
42,2023.12.11 13:40:00,1.25369,1.25705,1.2534,1.25671,True,2023.12.11 00:00
43,2023.12.11 14:00:00,1.25369,1.25806,1.2534,1.25806,True,2023.12.11 00:00
44,2023.12.11 14:20:00,1.25369,1.25806,1.2534,1.25772,True,2023.12.11 00:00
45,2023.12.11 14:40:00,1.25369,1.25908,1.2534,1.25908,True,2023.12.11 00:00
46,2023.12.11 15:00:00,1.25369,1.25908,1.2534,1.2584,True,2023.12.11 00:00
47,2023.12.11 15:20:00,1.25369,1.25908,1.2534,1.25874,True,2023.12.11 00:00
48,2023.12.11 15:40:00,1.25369,1.25908,1.2534,1.25772,True,2023.12.11 00:00
49,2023.12.11 16:00:00,1.25369,1.25908,1.2534,1.2581,True,2023.12.11 00:00
50,2023.12.11 16:20:00,1.25369,1.25908,1.2534,1.2578,True,2023.12.11 00:00
51,2023.12.11 16:40:00,1.25369,1.25908,1.2534,1.25742,True,2023.12.11 00:00
52,2023.12.11 17:00:00,1.25369,1.25908,1.2534,1.25818,True,2023.12.11 00:00
53,2023.12.11 17:20:00,1.25369,1.25908,1.2534,1.25666,True,2023.12.11 00:00
54,2023.12.11 17:40:00,1.25369,1.25908,1.2534,1.25704,True,2023.12.11 00:00
55,2023.12.11 18:00:00,1.25369,1.25908,1.2534,1.25551,True,2023.12.11 00:00
56,2023.12.11 18:20:00,1.25369,1.25908,1.2534,1.25589,True,2023.12.11 00:00
57,2023.12.11 18:40:00,1.25369,1.25908,1.2534,1.25399,True,2023.12.11 00:00
58,2023.12.11 19:00:00,1.25369,1.25908,1.2534,1.25475,True,2023.12.11 00:00
59,2023.12.11 19:20:00,1.25369,1.25908,1.2534,1.25437,True,2023.12.11 00:00
60,2023.12.11 19:40:00,1.25369,1.25908,1.2534,1.25551,True,2023.12.11 00:00
61,2023.12.11 19:40:01,1.25369,1.25908,1.2534,1.25402,True,2023.12.11 00:00
62,2023.12.11 20:00:00,1.25369,1.25908,1.2534,1.25401,True,2023.12.11 00:00
63,2023.12.11 20:20:00,1.25369,1.25908,1.2534,1.25407,True,2023.12.11 00:00
64,2023.12.11 20:40:00,1.25369,1.25908,1.2534,1.25434,True,2023.12.11 00:00
65,2023.12.11 21:00:00,1.25369,1.25908,1.2534,1.2538,True,2023.12.11 00:00
66,2023.12.11 21:20:00,1.25369,1.25908,1.2534,1.25515,True,2023.12.11 00:00
67,2023.12.11 21:40:00,1.25369,1.25908,1.2534,1.25488,True,2023.12.11 00:00
68,2023.12.11 22:00:00,1.25369,1.25908,1.2534,1.25595,True,2023.12.11 00:00
69,2023.12.11 22:20:00,1.25369,1.25908,1.2534,1.25568,True,2023.12.11 00:00
70,2023.12.11 22:40:00,1.25369,1.25908,1.2534,1.25676,True,2023.12.11 00:00
71,2023.12.11 23:00:00,1.25369,1.25908,1.2534,1.25622,True,2023.12.11 00:00
72,2023.12.11 23:20:00,1.25369,1.25908,1.2534,1.25649,True,2023.12.11 00:00
73,2023.12.11 23:40:00,1.25369,1.25908,1.2534,1.25568,True,2023.12.11 00:00
74,2023.12.11 23:59:59,1.25369,1.25908,1.2534,1.25548,True,2023.12.11 00:00
75,2023.12.12 00:00:00,1.25548,1.25548,1.25548,1.25548,True,2023.12.12 00:00
76,2023.12.12 00:20:00,1.25548,1.25548,1.25529,1.25529,True,2023.12.12 00:00
77,2023.12.12 00:40:00,1.25548,1.25548,1.25529,1.25546,True,2023.12.12 00:00
78,2023.12.12 01:00:00,1.25548,1.25548,1.25513,1.25513,True,2023.12.12 00:00
79,2023.12.12 01:20:00,1.25548,1.25595,1.25513,1.25595,True,2023.12.12 00:00
80,2023.12.12 01:40:00,1.25548,1.25595,1.25513,1.25579,True,2023.12.12 00:00
81,2023.12.12 02:00:00,1.25548,1.25645,1.25513,1.25645,True,2023.12.12 00:00
82,2023.12.12 02:20:00,1.25548,1.25645,1.25513,1.25628,True,2023.12.12 00:00
83,2023.12.12 02:40:00,1.25548,1.25694,1.25513,1.25694,True,2023.12.12 00:00
84,2023.12.12 03:00:00,1.25548,1.25694,1.25513,1.25661,True,2023.12.12 00:00
85,2023.12.12 03:20:00,1.25548,1.25694,1.25513,1.25678,True,2023.12.12 00:00
86,2023.12.12 03:40:00,1.25548,1.25694,1.25513,1.25628,True,2023.12.12 00:00
87,2023.12.12 04:00:00,1.25548,1.25694,1.25513,1.25649,True,2023.12.12 00:00
88,2023.12.12 04:20:00,1.25548,1.25694,1.25513,1.25652,True,2023.12.12 00:00
89,2023.12.12 04:40:00,1.25548,1.25694,1.25513,1.2567,True,2023.12.12 00:00
90,2023.12.12 05:00:00,1.25548,1.25694,1.25513,1.25633,True,2023.12.12 00:00
91,2023.12.12 05:20:00,1.25548,1.25726,1.25513,1.25726,True,2023.12.12 00:00
92,2023.12.12 05:40:00,1.25548,1.25726,1.25513,1.25707,True,2023.12.12 00:00
93,2023.12.12 06:00:00,1.25548,1.25781,1.25513,1.25781,True,2023.12.12 00:00
94,2023.12.12 06:20:00,1.25548,1.25781,1.25513,1.25763,True,2023.12.12 00:00
95,2023.12.12 06:40:00,1.25548,1.25837,1.25513,1.25837,True,2023.12.12 00:00
96,2023.12.12 07:00:00,1.25548,1.25837,1.25513,1.258,True,2023.12.12 00:00
97,2023.12.12 07:20:00,1.25548,1.25837,1.25513,1.25818,True,2023.12.12 00:00
98,2023.12.12 07:40:00,1.25548,1.25837,1.25513,1.25763,True,2023.12.12 00:00
99,2023.12.12 07:40:01,1.25548,1.25837,1.25513,1.25758,True,2023.12.12 00:00
100,2023.12.12 08:00:00,1.25548,1.25837,1.25513,1.25759,True,2023.12.12 00:00
101,2023.12.12 08:20:00,1.25548,1.25837,1.25513,1.25805,True,2023.12.12 00:00
102,2023.12.12 08:40:00,1.25548,1.25837,1.25513,1.25767,True,2023.12.12 00:00
103,2023.12.12 09:00:00,1.25548,1.25843,1.25513,1.25843,True,2023.12.12 00:00
104,2023.12.12 09:20:00,1.25548,1.25843,1.25513,1.25691,True,2023.12.12 00:00
105,2023.12.12 09:40:00,1.25548,1.25843,1.25513,1.25729,True,2023.12.12 00:00
106,2023.12.12 10:00:00,1.25548,1.25843,1.25513,1.25577,True,2023.12.12 00:00
107,2023.12.12 10:20:00,1.25548,1.25843,1.25513,1.25615,True,2023.12.12 00:00
108,2023.12.12 10:40:00,1.25548,1.25843,1.25425,1.25425,True,2023.12.12 00:00
109,2023.12.12 11:00:00,1.25548,1.25843,1.25425,1.25501,True,2023.12.12 00:00
110,2023.12.12 11:20:00,1.25548,1.25843,1.25425,1.25463,True,2023.12.12 00:00
111,2023.12.12 11:40:00,1.25548,1.25843,1.25425,1.25577,True,2023.12.12 00:00
112,2023.12.12 11:40:01,1.25548,1.25843,1.25425,1.25653,True,2023.12.12 00:00
113,2023.12.12 12:00:00,1.25548,1.25843,1.25425,1.25652,True,2023.12.12 00:00
114,2023.12.12 12:20:00,1.25548,1.26086,1.25425,1.26086,True,2023.12.12 00:00
115,2023.12.12 12:40:00,1.25548,1.26086,1.25425,1.26017,True,2023.12.12 00:00
116,2023.12.12 13:00:00,1.25548,1.26155,1.25425,1.26155,True,2023.12.12 00:00
117,2023.12.12 13:20:00,1.25548,1.26155,1.25425,1.25879,True,2023.12.12 00:00
118,2023.12.12 13:40:00,1.25548,1.26155,1.25425,1.25948,True,2023.12.12 00:00
119,2023.12.12 14:00:00,1.25548,1.26155,1.25425,1.25672,True,2023.12.12 00:00
120,2023.12.12 14:20:00,1.25548,1.26155,1.25425,1.25741,True,2023.12.12 00:00
121,2023.12.12 14:40:00,1.25548,1.26155,1.25396,1.25396,True,2023.12.12 00:00
122,2023.12.12 15:00:00,1.25548,1.26155,1.25396,1.25534,True,2023.12.12 00:00
123,2023.12.12 15:20:00,1.25548,1.26155,1.25396,1.25465,True,2023.12.12 00:00
124,2023.12.12 15:40:00,1.25548,1.26155,1.25396,1.25672,True,2023.12.12 00:00
125,2023.12.12 15:40:01,1.25548,1.26155,1.25396,1.25433,True,2023.12.12 00:00
126,2023.12.12 16:00:00,1.25548,1.26155,1.25396,1.25431,True,2023.12.12 00:00
127,2023.12.12 16:20:00,1.25548,1.26155,1.25193,1.25193,True,2023.12.12 00:00
128,2023.12.12 16:40:00,1.25548,1.26155,1.25193,1.25245,True,2023.12.12 00:00
129,2023.12.12 17:00:00,1.25548,1.26155,1.25141,1.25141,True,2023.12.12 00:00
130,2023.12.12 17:20:00,1.25548,1.26155,1.25141,1.25402,True,2023.12.12 00:00
131,2023.12.12 17:40:00,1.25548,1.26155,1.25141,1.2535,True,2023.12.12 00:00
132,2023.12.12 18:00:00,1.25548,1.26155,1.25141,1.25558,True,2023.12.12 00:00
133,2023.12.12 18:20:00,1.25548,1.26155,1.25141,1.25506,True,2023.12.12 00:00
134,2023.12.12 18:40:00,1.25548,1.26155,1.25141,1.25715,True,2023.12.12 00:00
135,2023.12.12 19:00:00,1.25548,1.26155,1.25141,1.25611,True,2023.12.12 00:00
136,2023.12.12 19:20:00,1.25548,1.26155,1.25141,1.25663,True,2023.12.12 00:00
137,2023.12.12 19:40:00,1.25548,1.26155,1.25141,1.25506,True,2023.12.12 00:00
138,2023.12.12 19:40:01,1.25548,1.26155,1.25141,1.2545,True,2023.12.12 00:00
139,2023.12.12 20:00:00,1.25548,1.26155,1.25141,1.25449,True,2023.12.12 00:00
140,2023.12.12 20:20:00,1.25548,1.26155,1.25141,1.25454,True,2023.12.12 00:00
141,2023.12.12 20:40:00,1.25548,1.26155,1.25141,1.25481,True,2023.12.12 00:00
142,2023.12.12 21:00:00,1.25548,1.26155,1.25141,1.25428,True,2023.12.12 00:00
143,2023.12.12 21:20:00,1.25548,1.26155,1.25141,1.2556,True,2023.12.12 00:00
144,2023.12.12 21:40:00,1.25548,1.26155,1.25141,1.25534,True,2023.12.12 00:00
145,2023.12.12 22:00:00,1.25548,1.26155,1.25141,1.2564,True,2023.12.12 00:00
146,2023.12.12 22:20:00,1.25548,1.26155,1.25141,1.25613,True,2023.12.12 00:00
147,2023.12.12 22:40:00,1.25548,1.26155,1.25141,1.25719,True,2023.12.12 00:00
148,2023.12.12 23:00:00,1.25548,1.26155,1.25141,1.25666,True,2023.12.12 00:00
149,2023.12.12 23:20:00,1.25548,1.26155,1.25141,1.25693,True,2023.12.12 00:00
150,2023.12.12 23:40:00,1.25548,1.26155,1.25141,1.25613,True,2023.12.12 00:00
151,2023.12.12 23:59:59,1.25548,1.26155,1.25141,1.25624,True,2023.12.12 00:00
152,2023.12.13 00:00:00,1.25624,1.25624,1.25624,1.25624,True,2023.12.13 00:00
153,2023.12.13 00:20:00,1.25624,1.25697,1.25624,1.25697,True,2023.12.13 00:00
154,2023.12.13 00:40:00,1.25624,1.25697,1.25624,1.25682,True,2023.12.13 00:00
155,2023.12.13 01:00:00,1.25624,1.25712,1.25624,1.25712,True,2023.12.13 00:00
156,2023.12.13 01:20:00,1.25624,1.25712,1.25624,1.25652,True,2023.12.13 00:00
157,2023.12.13 01:40:00,1.25624,1.25712,1.25624,1.25667,True,2023.12.13 00:00
158,2023.12.13 02:00:00,1.25624,1.25712,1.25606,1.25606,True,2023.12.13 00:00
159,2023.12.13 02:20:00,1.25624,1.25712,1.25606,1.25621,True,2023.12.13 00:00
160,2023.12.13 02:40:00,1.25624,1.25712,1.25546,1.25546,True,2023.12.13 00:00
161,2023.12.13 03:00:00,1.25624,1.25712,1.25546,1.25576,True,2023.12.13 00:00
162,2023.12.13 03:20:00,1.25624,1.25712,1.25546,1.25561,True,2023.12.13 00:00
163,2023.12.13 03:40:00,1.25624,1.25712,1.25546,1.25606,True,2023.12.13 00:00
164,2023.12.13 03:40:01,1.25624,1.25712,1.25546,1.25591,True,2023.12.13 00:00
165,2023.12.13 04:00:00,1.25624,1.25712,1.25546,1.25592,True,2023.12.13 00:00
166,2023.12.13 04:20:00,1.25624,1.25712,1.25546,1.25593,True,2023.12.13 00:00
167,2023.12.13 04:40:00,1.25624,1.25712,1.25546,1.25582,True,2023.12.13 00:00
168,2023.12.13 05:00:00,1.25624,1.25712,1.25546,1.25604,True,2023.12.13 00:00
169,2023.12.13 05:20:00,1.25624,1.25712,1.25546,1.25559,True,2023.12.13 00:00
170,2023.12.13 05:40:00,1.25624,1.25712,1.25546,1.2557,True,2023.12.13 00:00
171,2023.12.13 06:00:00,1.25624,1.25712,1.25526,1.25526,True,2023.12.13 00:00
172,2023.12.13 06:20:00,1.25624,1.25712,1.25526,1.25537,True,2023.12.13 00:00
173,2023.12.13 06:40:00,1.25624,1.25712,1.25481,1.25481,True,2023.12.13 00:00
174,2023.12.13 07:00:00,1.25624,1.25712,1.25481,1.25503,True,2023.12.13 00:00
175,2023.12.13 07:20:00,1.25624,1.25712,1.25481,1.25492,True,2023.12.13 00:00
176,2023.12.13 07:40:00,1.25624,1.25712,1.25481,1.25526,True,2023.12.13 00:00
177,2023.12.13 07:40:01,1.25624,1.25712,1.25481,1.25571,True,2023.12.13 00:00
178,2023.12.13 08:00:00,1.25624,1.25712,1.25481,1.2557,True,2023.12.13 00:00
179,2023.12.13 08:20:00,1.25624,1.25712,1.25481,1.25548,True,2023.12.13 00:00
180,2023.12.13 08:40:00,1.25624,1.25712,1.25481,1.25511,True,2023.12.13 00:00
181,2023.12.13 09:00:00,1.25624,1.25712,1.25481,1.25586,True,2023.12.13 00:00
182,2023.12.13 09:20:00,1.25624,1.25712,1.25435,1.25435,True,2023.12.13 00:00
183,2023.12.13 09:40:00,1.25624,1.25712,1.25435,1.25473,True,2023.12.13 00:00
184,2023.12.13 10:00:00,1.25624,1.25712,1.25323,1.25323,True,2023.12.13 00:00
185,2023.12.13 10:20:00,1.25624,1.25712,1.25323,1.2536,True,2023.12.13 00:00
186,2023.12.13 10:40:00,1.25624,1.25712,1.25172,1.25172,True,2023.12.13 00:00
187,2023.12.13 11:00:00,1.25624,1.25712,1.25172,1.25247,True,2023.12.13 00:00
188,2023.12.13 11:20:00,1.25624,1.25712,1.25172,1.2521,True,2023.12.13 00:00
189,2023.12.13 11:40:00,1.25624,1.25712,1.25172,1.25323,True,2023.12.13 00:00
190,2023.12.13 11:40:01,1.25624,1.25712,1.25172,1.2526,True,2023.12.13 00:00
191,2023.12.13 12:00:00,1.25624,1.25712,1.25172,1.25263,True,2023.12.13 00:00
192,2023.12.13 12:20:00,1.25624,1.25712,1.25129,1.25129,True,2023.12.13 00:00
193,2023.12.13 12:40:00,1.25624,1.25712,1.25129,1.25164,True,2023.12.13 00:00
194,2023.12.13 13:00:00,1.25624,1.25712,1.25094,1.25094,True,2023.12.13 00:00
195,2023.12.13 13:20:00,1.25624,1.25712,1.25094,1.25268,True,2023.12.13 00:00
196,2023.12.13 13:40:00,1.25624,1.25712,1.25094,1.25233,True,2023.12.13 00:00
197,2023.12.13 14:00:00,1.25624,1.25712,1.25094,1.25373,True,2023.12.13 00:00
198,2023.12.13 14:20:00,1.25624,1.25712,1.25094,1.25338,True,2023.12.13 00:00
199,2023.12.13 14:40:00,1.25624,1.25712,1.25094,1.25477,True,2023.12.13 00:00
200,2023.12.13 15:00:00,1.25624,1.25712,1.25094,1.25407,True,2023.12.13 00:00
201,2023.12.13 15:20:00,1.25624,1.25712,1.25094,1.25442,True,2023.12.13 00:00
202,2023.12.13 15:40:00,1.25624,1.25712,1.25094,1.25338,True,2023.12.13 00:00
203,2023.12.13 16:00:00,1.25624,1.25712,1.25094,1.25393,True,2023.12.13 00:00
204,2023.12.13 16:20:00,1.25624,1.25712,1.25094,1.25437,True,2023.12.13 00:00
205,2023.12.13 16:40:00,1.25624,1.25712,1.25094,1.25398,True,2023.12.13 00:00
206,2023.12.13 17:00:00,1.25624,1.25712,1.25094,1.25475,True,2023.12.13 00:00
207,2023.12.13 17:20:00,1.25624,1.25712,1.25094,1.25322,True,2023.12.13 00:00
208,2023.12.13 17:40:00,1.25624,1.25712,1.25094,1.2536,True,2023.12.13 00:00
209,2023.12.13 18:00:00,1.25624,1.25712,1.25094,1.25206,True,2023.12.13 00:00
210,2023.12.13 18:20:00,1.25624,1.25712,1.25094,1.25245,True,2023.12.13 00:00
211,2023.12.13 18:40:00,1.25624,1.25712,1.25053,1.25053,True,2023.12.13 00:00
212,2023.12.13 19:00:00,1.25624,1.25712,1.25053,1.2513,True,2023.12.13 00:00
213,2023.12.13 19:20:00,1.25624,1.25712,1.25053,1.25091,True,2023.12.13 00:00
214,2023.12.13 19:40:00,1.25624,1.25712,1.25053,1.25206,True,2023.12.13 00:00
215,2023.12.13 20:00:00,1.25624,1.25712,1.25053,1.25078,True,2023.12.13 00:00
216,2023.12.13 20:20:00,1.25624,1.25712,1.25053,1.25124,True,2023.12.13 00:00
217,2023.12.13 20:40:00,1.25624,1.25712,1.25053,1.25246,True,2023.12.13 00:00
218,2023.12.13 21:00:00,1.25624,1.25712,1.25002,1.25002,True,2023.12.13 00:00
219,2023.12.13 21:20:00,1.25624,1.25712,1.25002,1.25613,True,2023.12.13 00:00
220,2023.12.13 21:40:00,1.25624,1.25712,1.25002,1.25491,True,2023.12.13 00:00
221,2023.12.13 22:00:00,1.25624,1.25979,1.25002,1.25979,True,2023.12.13 00:00
222,2023.12.13 22:20:00,1.25624,1.25979,1.25002,1.25857,True,2023.12.13 00:00
223,2023.12.13 22:40:00,1.25624,1.26346,1.25002,1.26346,True,2023.12.13 00:00
224,2023.12.13 23:00:00,1.25624,1.26346,1.25002,1.26102,True,2023.12.13 00:00
225,2023.12.13 23:20:00,1.25624,1.26346,1.25002,1.26224,True,2023.12.13 00:00
226,2023.12.13 23:40:00,1.25624,1.26346,1.25002,1.25857,True,2023.12.13 00:00
227,2023.12.13 23:59:59,1.25624,1.26346,1.25002,1.26146,True,2023.12.13 00:00
228,2023.12.14 00:00:00,1.26144,1.26144,1.26144,1.26144,True,2023.12.14 00:00
229,2023.12.14 00:26:40,1.26144,1.26269,1.26144,1.26269,True,2023.12.14 00:00
230,2023.12.14 00:53:20,1.26144,1.26269,1.26144,1.26244,True,2023.12.14 00:00
231,2023.12.14 01:20:00,1.26144,1.26344,1.26144,1.26344,True,2023.12.14 00:00
232,2023.12.14 01:46:40,1.26144,1.26344,1.26144,1.26319,True,2023.12.14 00:00
233,2023.12.14 02:13:20,1.26144,1.26419,1.26144,1.26419,True,2023.12.14 00:00
234,2023.12.14 02:40:00,1.26144,1.26419,1.26144,1.26369,True,2023.12.14 00:00
235,2023.12.14 03:06:40,1.26144,1.26419,1.26144,1.26394,True,2023.12.14 00:00
236,2023.12.14 03:33:20,1.26144,1.26419,1.26144,1.26319,True,2023.12.14 00:00
237,2023.12.14 03:33:21,1.26144,1.26419,1.26144,1.26408,True,2023.12.14 00:00
238,2023.12.14 04:00:00,1.26144,1.26419,1.26144,1.26407,True,2023.12.14 00:00
239,2023.12.14 04:20:00,1.26144,1.26505,1.26144,1.26505,True,2023.12.14 00:00
240,2023.12.14 04:40:00,1.26144,1.26505,1.26144,1.26483,True,2023.12.14 00:00
241,2023.12.14 05:00:00,1.26144,1.26526,1.26144,1.26526,True,2023.12.14 00:00
242,2023.12.14 05:20:00,1.26144,1.26526,1.26144,1.26441,True,2023.12.14 00:00
243,2023.12.14 05:40:00,1.26144,1.26526,1.26144,1.26462,True,2023.12.14 00:00
244,2023.12.14 06:00:00,1.26144,1.26526,1.26144,1.26377,True,2023.12.14 00:00
245,2023.12.14 06:20:00,1.26144,1.26526,1.26144,1.26398,True,2023.12.14 00:00
246,2023.12.14 06:40:00,1.26144,1.26526,1.26144,1.26292,True,2023.12.14 00:00
247,2023.12.14 07:00:00,1.26144,1.26526,1.26144,1.26335,True,2023.12.14 00:00
248,2023.12.14 07:20:00,1.26144,1.26526,1.26144,1.26313,True,2023.12.14 00:00
249,2023.12.14 07:40:00,1.26144,1.26526,1.26144,1.26377,True,2023.12.14 00:00
250,2023.12.14 07:40:01,1.26144,1.26526,1.26144,1.26364,True,2023.12.14 00:00
251,2023.12.14 08:00:00,1.26144,1.26526,1.26144,1.26363,True,2023.12.14 00:00
252,2023.12.14 08:20:00,1.26144,1.26526,1.26144,1.26173,True,2023.12.14 00:00
253,2023.12.14 08:40:00,1.26144,1.26526,1.26144,1.26226,True,2023.12.14 00:00
254,2023.12.14 09:00:00,1.26144,1.26526,1.26119,1.26119,True,2023.12.14 00:00
255,2023.12.14 09:20:00,1.26144,1.26526,1.26119,1.26388,True,2023.12.14 00:00
256,2023.12.14 09:40:00,1.26144,1.26526,1.26119,1.26334,True,2023.12.14 00:00
257,2023.12.14 10:00:00,1.26144,1.26549,1.26119,1.26549,True,2023.12.14 00:00
258,2023.12.14 10:20:00,1.26144,1.26549,1.26119,1.26495,True,2023.12.14 00:00
259,2023.12.14 10:40:00,1.26144,1.2671,1.26119,1.2671,True,2023.12.14 00:00
260,2023.12.14 11:00:00,1.26144,1.2671,1.26119,1.26603,True,2023.12.14 00:00
261,2023.12.14 11:20:00,1.26144,1.2671,1.26119,1.26656,True,2023.12.14 00:00
262,2023.12.14 11:40:00,1.26144,1.2671,1.26119,1.26495,True,2023.12.14 00:00
263,2023.12.14 11:40:01,1.26144,1.2671,1.26119,1.2668,True,2023.12.14 00:00
264,2023.12.14 12:00:00,1.26144,1.2671,1.26119,1.26679,True,2023.12.14 00:00
265,2023.12.14 12:20:00,1.26144,1.2671,1.26119,1.26594,True,2023.12.14 00:00
266,2023.12.14 12:40:00,1.26144,1.2671,1.26119,1.26668,True,2023.12.14 00:00
267,2023.12.14 13:00:00,1.26144,1.2671,1.26119,1.26521,True,2023.12.14 00:00
268,2023.12.14 13:20:00,1.26144,1.26888,1.26119,1.26888,True,2023.12.14 00:00
269,2023.12.14 13:40:00,1.26144,1.26888,1.26119,1.26815,True,2023.12.14 00:00
270,2023.12.14 14:00:00,1.26144,1.27109,1.26119,1.27109,True,2023.12.14 00:00
271,2023.12.14 14:20:00,1.26144,1.27109,1.26119,1.27035,True,2023.12.14 00:00
272,2023.12.14 14:40:00,1.26144,1.27329,1.26119,1.27329,True,2023.12.14 00:00
273,2023.12.14 15:00:00,1.26144,1.27329,1.26119,1.27182,True,2023.12.14 00:00
274,2023.12.14 15:20:00,1.26144,1.27329,1.26119,1.27256,True,2023.12.14 00:00
275,2023.12.14 15:40:00,1.26144,1.27329,1.26119,1.27035,True,2023.12.14 00:00
276,2023.12.14 15:40:01,1.26144,1.27329,1.26119,1.27262,True,2023.12.14 00:00
277,2023.12.14 16:00:00,1.26144,1.27329,1.26119,1.2726,True,2023.12.14 00:00
278,2023.12.14 16:20:00,1.26144,1.27329,1.26119,1.27111,True,2023.12.14 00:00
279,2023.12.14 16:40:00,1.26144,1.27329,1.26119,1.27194,True,2023.12.14 00:00
280,2023.12.14 17:00:00,1.26144,1.27329,1.26119,1.27028,True,2023.12.14 00:00
281,2023.12.14 17:20:00,1.26144,1.27443,1.26119,1.27443,True,2023.12.14 00:00
282,2023.12.14 17:40:00,1.26144,1.27443,1.26119,1.2736,True,2023.12.14 00:00
283,2023.12.14 18:00:00,1.26144,1.27692,1.26119,1.27692,True,2023.12.14 00:00
284,2023.12.14 18:20:00,1.26144,1.27692,1.26119,1.27609,True,2023.12.14 00:00
285,2023.12.14 18:40:00,1.26144,1.27941,1.26119,1.27941,True,2023.12.14 00:00
286,2023.12.14 19:00:00,1.26144,1.27941,1.26119,1.27775,True,2023.12.14 00:00
287,2023.12.14 19:20:00,1.26144,1.27941,1.26119,1.27858,True,2023.12.14 00:00
288,2023.12.14 19:40:00,1.26144,1.27941,1.26119,1.27609,True,2023.12.14 00:00
289,2023.12.14 19:40:01,1.26144,1.27941,1.26119,1.27839,True,2023.12.14 00:00
290,2023.12.14 20:00:00,1.26144,1.27941,1.26119,1.2784,True,2023.12.14 00:00
291,2023.12.14 20:20:00,1.26144,1.27941,1.26119,1.27809,True,2023.12.14 00:00
292,2023.12.14 20:40:00,1.26144,1.27941,1.26119,1.27776,True,2023.12.14 00:00
293,2023.12.14 21:00:00,1.26144,1.27941,1.26119,1.27842,True,2023.12.14 00:00
294,2023.12.14 21:20:00,1.26144,1.27941,1.26119,1.2771,True,2023.12.14 00:00
295,2023.12.14 21:40:00,1.26144,1.27941,1.26119,1.27743,True,2023.12.14 00:00
296,2023.12.14 22:00:00,1.26144,1.27941,1.26119,1.27612,True,2023.12.14 00:00
297,2023.12.14 22:20:00,1.26144,1.27941,1.26119,1.27645,True,2023.12.14 00:00
298,2023.12.14 22:40:00,1.26144,1.27941,1.26119,1.2748,True,2023.12.14 00:00
299,2023.12.14 23:00:00,1.26144,1.27941,1.26119,1.27546,True,2023.12.14 00:00
300,2023.12.14 23:20:00,1.26144,1.27941,1.26119,1.27513,True,2023.12.14 00:00
301,2023.12.14 23:40:00,1.26144,1.27941,1.26119,1.27612,True,2023.12.14 00:00
302,2023.12.14 23:59:59,1.26144,1.27941,1.26119,1.27657,True,2023.12.14 00:00
303,2023.12.15 00:00:00,1.27663,1.27663,1.27663,1.27663,True,2023.12.15 00:00
304,2023.12.15 00:20:00,1.27663,1.27697,1.27663,1.27697,True,2023.12.15 00:00
305,2023.12.15 00:40:00,1.27663,1.27697,1.27663,1.27675,True,2023.12.15 00:00
306,2023.12.15 01:00:00,1.27663,1.2772,1.27663,1.2772,True,2023.12.15 00:00
307,2023.12.15 01:20:00,1.27663,1.2772,1.27629,1.27629,True,2023.12.15 00:00
308,2023.12.15 01:40:00,1.27663,1.2772,1.27629,1.27652,True,2023.12.15 00:00
309,2023.12.15 02:00:00,1.27663,1.2772,1.27562,1.27562,True,2023.12.15 00:00
310,2023.12.15 02:20:00,1.27663,1.2772,1.27562,1.27584,True,2023.12.15 00:00
311,2023.12.15 02:40:00,1.27663,1.2772,1.27471,1.27471,True,2023.12.15 00:00
312,2023.12.15 03:00:00,1.27663,1.2772,1.27471,1.27516,True,2023.12.15 00:00
313,2023.12.15 03:20:00,1.27663,1.2772,1.27471,1.27494,True,2023.12.15 00:00
314,2023.12.15 03:40:00,1.27663,1.2772,1.27471,1.27562,True,2023.12.15 00:00
315,2023.12.15 04:00:00,1.27663,1.2772,1.27471,1.27547,True,2023.12.15 00:00
316,2023.12.15 04:20:00,1.27663,1.2772,1.27471,1.27564,True,2023.12.15 00:00
317,2023.12.15 04:40:00,1.27663,1.2772,1.27471,1.27581,True,2023.12.15 00:00
318,2023.12.15 05:00:00,1.27663,1.2772,1.27471,1.27546,True,2023.12.15 00:00
319,2023.12.15 05:20:00,1.27663,1.2772,1.27471,1.27635,True,2023.12.15 00:00
320,2023.12.15 05:40:00,1.27663,1.2772,1.27471,1.27617,True,2023.12.15 00:00
321,2023.12.15 06:00:00,1.27663,1.2772,1.27471,1.27688,True,2023.12.15 00:00
322,2023.12.15 06:20:00,1.27663,1.2772,1.27471,1.2767,True,2023.12.15 00:00
323,2023.12.15 06:40:00,1.27663,1.27741,1.27471,1.27741,True,2023.12.15 00:00
324,2023.12.15 07:00:00,1.27663,1.27741,1.27471,1.27706,True,2023.12.15 00:00
325,2023.12.15 07:20:00,1.27663,1.27741,1.27471,1.27723,True,2023.12.15 00:00
326,2023.12.15 07:40:00,1.27663,1.27741,1.27471,1.2767,True,2023.12.15 00:00
327,2023.12.15 08:00:00,1.27663,1.27741,1.27471,1.2759,True,2023.12.15 00:00
328,2023.12.15 08:20:00,1.27663,1.27741,1.27434,1.27434,True,2023.12.15 00:00
329,2023.12.15 08:40:00,1.27663,1.27741,1.27434,1.27467,True,2023.12.15 00:00
330,2023.12.15 09:00:00,1.27663,1.27741,1.27401,1.27401,True,2023.12.15 00:00
331,2023.12.15 09:20:00,1.27663,1.27741,1.27401,1.27565,True,2023.12.15 00:00
332,2023.12.15 09:40:00,1.27663,1.27741,1.27401,1.27532,True,2023.12.15 00:00
333,2023.12.15 10:00:00,1.27663,1.27741,1.27401,1.27664,True,2023.12.15 00:00
334,2023.12.15 10:20:00,1.27663,1.27741,1.27401,1.27631,True,2023.12.15 00:00
335,2023.12.15 10:40:00,1.27663,1.27762,1.27401,1.27762,True,2023.12.15 00:00
336,2023.12.15 11:00:00,1.27663,1.27762,1.27401,1.27696,True,2023.12.15 00:00
337,2023.12.15 11:20:00,1.27663,1.27762,1.27401,1.27729,True,2023.12.15 00:00
338,2023.12.15 11:40:00,1.27663,1.27762,1.27401,1.27631,True,2023.12.15 00:00
339,2023.12.15 11:40:01,1.27663,1.27762,1.27401,1.27746,True,2023.12.15 00:00
340,2023.12.15 12:00:00,1.27663,1.27762,1.27401,1.27747,True,2023.12.15 00:00
341,2023.12.15 12:20:00,1.27663,1.27824,1.27401,1.27824,True,2023.12.15 00:00
342,2023.12.15 12:40:00,1.27663,1.27824,1.27401,1.2774,True,2023.12.15 00:00
343,2023.12.15 13:00:00,1.27663,1.27907,1.27401,1.27907,True,2023.12.15 00:00
344,2023.12.15 13:20:00,1.27663,1.27907,1.27401,1.27574,True,2023.12.15 00:00
345,2023.12.15 13:40:00,1.27663,1.27907,1.27401,1.27657,True,2023.12.15 00:00
346,2023.12.15 14:00:00,1.27663,1.27907,1.27323,1.27323,True,2023.12.15 00:00
347,2023.12.15 14:20:00,1.27663,1.27907,1.27323,1.27407,True,2023.12.15 00:00
348,2023.12.15 14:40:00,1.27663,1.27907,1.2699,1.2699,True,2023.12.15 00:00
349,2023.12.15 15:00:00,1.27663,1.27907,1.2699,1.27157,True,2023.12.15 00:00
350,2023.12.15 15:20:00,1.27663,1.27907,1.2699,1.27073,True,2023.12.15 00:00
351,2023.12.15 15:40:00,1.27663,1.27907,1.2699,1.27323,True,2023.12.15 00:00
352,2023.12.15 15:40:01,1.27663,1.27907,1.2699,1.27106,True,2023.12.15 00:00
353,2023.12.15 16:00:00,1.27663,1.27907,1.2699,1.27107,True,2023.12.15 00:00
354,2023.12.15 16:20:00,1.27663,1.27907,1.2699,1.27259,True,2023.12.15 00:00
355,2023.12.15 16:40:00,1.27663,1.27907,1.2699,1.27218,True,2023.12.15 00:00
356,2023.12.15 17:00:00,1.27663,1.27907,1.2699,1.273,True,2023.12.15 00:00
357,2023.12.15 17:20:00,1.27663,1.27907,1.2699,1.27137,True,2023.12.15 00:00
358,2023.12.15 17:40:00,1.27663,1.27907,1.2699,1.27178,True,2023.12.15 00:00
359,2023.12.15 18:00:00,1.27663,1.27907,1.2699,1.27014,True,2023.12.15 00:00
360,2023.12.15 18:20:00,1.27663,1.27907,1.2699,1.27055,True,2023.12.15 00:00
361,2023.12.15 18:40:00,1.27663,1.27907,1.26851,1.26851,True,2023.12.15 00:00
362,2023.12.15 19:00:00,1.27663,1.27907,1.26851,1.26933,True,2023.12.15 00:00
363,2023.12.15 19:20:00,1.27663,1.27907,1.26851,1.26892,True,2023.12.15 00:00
364,2023.12.15 19:40:00,1.27663,1.27907,1.26851,1.27014,True,2023.12.15 00:00
365,2023.12.15 20:00:00,1.27663,1.27907,1.26851,1.27048,True,2023.12.15 00:00
366,2023.12.15 20:20:00,1.27663,1.27907,1.26851,1.27019,True,2023.12.15 00:00
367,2023.12.15 20:40:00,1.27663,1.27907,1.26851,1.26985,True,2023.12.15 00:00
